2023-07-31 00:24:50.331030,ALPHA_VANTAGE,SUCCESS,10
2023-07-31 00:24:50.331030,ALPHA_VANTAGE,SUCCESS,10
2023-07-31 00:24:50.331030,TWELVE_DATA,SUCCESS,10
2023-07-31 00:24:50.331030,ALPHA_VANTAGE,FAILED,10
2023-07-31 00:24:50.331030,TWELVE_DATA,FAILED,10
2023-07-31 00:24:50.331030,ALPHA_VANTAGE,SUCCESS,10
2023-07-31 02:54:39.869772,TWELVE_DATA,SUCCESS,10
2023-07-31 02:57:04.350091,TWELVE_DATA,SUCCESS,10
2023-07-31 02:57:14.128736,TWELVE_DATA,SUCCESS,10
2023-07-31 03:03:38.720050,ALPHA_VANTAGE,SUCCESS,10
2023-07-31 03:03:53.690056,TWELVE_DATA,SUCCESS,10
2023-07-31 03:04:29.816919,ALPHA_VANTAGE,SUCCESS,10
2023-07-31 09:37:16.442990,ALPHA_VANTAGE,SUCCESS,0.036057
2023-07-31 10:05:10.916867,TWELVE_DATA,SUCCESS,1.726803
2023-07-31 10:06:00.205235,ALPHA_VANTAGE,SUCCESS,0.021609
2023-07-31 10:06:09.314348,TWELVE_DATA,SUCCESS,0.030937
2023-07-31 11:11:20.437823,ALPHA_VANTAGE,SUCCESS,0.003928
2023-07-31 11:16:45.921868,TWELVE_DATA,SUCCESS,1.72022
2023-07-31 11:18:58.877522,TWELVE_DATA,SUCCESS,0.019631
2023-07-31 11:21:17.626542,TWELVE_DATA,SUCCESS,0.030632
2023-07-31 11:29:55.253863,TWELVE_DATA,SUCCESS,0.023744
2023-07-31 11:30:15.499602,TWELVE_DATA,SUCCESS,0.009467
2023-07-31 11:30:32.044878,TWELVE_DATA,SUCCESS,0.023388
2023-07-31 15:09:28.585694,ALPHA_VANTAGE,SUCCESS,1.575998
2023-07-31 16:44:32.896164,ALPHA_VANTAGE,SUCCESS,0.02185
2023-07-31 16:44:49.948365,ALPHA_VANTAGE,SUCCESS,0.014221
2023-07-31 16:44:50.760841,ALPHA_VANTAGE,SUCCESS,0.806575
2023-07-31 16:45:12.127112,ALPHA_VANTAGE,SUCCESS,1.551631
2023-07-31 16:45:13.652186,ALPHA_VANTAGE,SUCCESS,1.518933
2023-07-31 17:07:56.351448,ALPHA_VANTAGE,SUCCESS,0.01994
2023-07-31 17:07:56.359147,ALPHA_VANTAGE,SUCCESS,0.002743
